1,Eric,1547322173,1919251285
2,Annie,544039282,1701603654
3,Johnny,1769406515,2003788910
4,Lawrence,0,0
5,Sara,0,0
6,Alan,0,0
7,Joan,0,0
8,Jason,0,0
9,Gary,0,0
10,Louise,0,0
11,Keith,0,0
12,Irene,0,0
13,Henry,0,0
14,Albert,0,0
15,Kathy,0,0
16,Thomas,0,0
17,Roy,0,0
18,Patricia,0,0
19,Samuel,0,0
20,Phillip,0,0
21,Diana,0,0
22,Thomas,0,0
23,Samuel,0,0
24,Annie,0,0
25,Amanda,0,0
26,Bonnie,0,0
27,Keith,0,0
28,Scott,0,0
29,Henry,0,0
30,Arthur,0,0
31,Tammy,0,0
32,Stephen,0,0
33,Betty,0,0
34,Robert,0,0
35,Gregory,0,0
36,Gregory,0,0
37,Roger,0,0
38,Billy,0,0
39,Evelyn,0,0
40,Gerald,0,0
41,Judy,0,0
42,Jack,0,0
43,Walter,0,0
44,Stephen,0,0
45,Terry,0,0
46,Wanda,0,0
47,Brandon,0,0
48,Cheryl,0,0
49,Louis,0,0
50,Benjamin,0,0
51,Brenda,0,0
52,Bruce,0,0
53,Joan,0,0
54,Paul,0,0
55,Jeremy,0,0
56,Stephen,0,0
57,Joan,0,0
58,Gloria,0,0
59,Bonnie,0,0
60,Keith,0,0
61,Carlos,0,0
62,Nancy,0,0
63,Frank,0,0
64,Mildred,0,0
65,Barbara,0,0
66,Lawrence,0,0
67,Brian,0,0
68,Kelly,0,0
69,Andrew,0,0
70,Roger,0,0
71,Matthew,0,0
72,Melissa,0,0
73,Todd,0,0
74,Terry,0,0
75,Billy,0,0
76,Antonio,0,0
77,Margaret,0,0
78,Wayne,0,0
79,Amanda,0,0
80,Lois,0,0
81,Phyllis,0,0
82,Benjamin,0,0
83,Christine,0,0
84,Aaron,0,0
85,Evelyn,0,0
86,Christopher,0,0
87,Marilyn,0,0
88,Kevin,0,0
89,Antonio,0,0
90,Denise,0,0
91,Sarah,0,0
92,Wayne,0,0
93,Jack,0,0
94,Christina,0,0
95,Janice,0,0
96,Thomas,0,0
97,Wayne,0,0
98,Roger,0,0
99,Victor,0,0
100,Kathryn,0,0
101,Louise,0,0
102,Martha,0,0
103,Steven,0,0
104,Henry,0,0
105,Jason,0,0
106,Elizabeth,0,0
107,Elizabeth,0,0
108,Frances,0,0
109,Judy,0,0
110,Phyllis,0,0
111,Sandra,0,0
112,Heather,0,0
113,Judy,0,0
114,Martha,0,0
115,Carolyn,0,0
116,Barbara,0,0
117,Shawn,0,0
118,Kevin,0,0
119,Anthony,0,0
120,Jeffrey,0,0
121,Roy,0,0
122,Stephanie,0,0
123,Melissa,0,0
124,Rachel,0,0
125,Jeremy,0,0
126,Christina,0,0
127,Stephen,0,0
128,Paul,0,0
129,Tammy,0,0
130,Gary,0,0
131,Louis,0,0
132,Antonio,0,0
133,Martha,0,0
134,Edward,0,0
135,Julie,0,0
136,Katherine,0,0
137,Earl,0,0
138,Kimberly,0,0
139,Andrew,0,0
140,Helen,0,0
141,Jesse,0,0
142,Stephanie,0,0
143,James,0,0
144,Roy,0,0
145,Janet,0,0
146,Brenda,0,0
147,Nicole,0,0
148,Mildred,0,0
149,Mark,0,0
150,Irene,0,0
151,Christina,0,0
152,Tammy,0,0
153,Joe,0,0
154,Lois,0,0
155,Edward,0,0
156,Kimberly,0,0
157,Patrick,0,0
158,Jean,0,0
159,Alice,0,0
160,Kathleen,0,0
161,Joyce,0,0
162,Shawn,0,0
163,Joseph,0,0
164,Robin,0,0
165,Lois,0,0
166,Wanda,0,0
167,Chris,0,0
168,Mary,0,0
169,Timothy,0,0
170,Jonathan,0,0
171,Albert,0,0
172,Jane,0,0
173,Tina,0,0
174,Elizabeth,0,0
175,Patricia,0,0
176,Peter,0,0
177,Stephen,0,0
178,Bruce,0,0
179,Jose,0,0
180,Jimmy,0,0
181,David,0,0
182,Stephanie,0,0
183,Lois,0,0
184,Christine,0,0
185,Roy,0,0
186,Ronald,0,0
187,Andrea,0,0
188,Janice,0,0
189,Beverly,0,0
190,Diane,0,0
191,Heather,0,0
192,Steve,0,0
193,Lillian,0,0
194,Roy,0,0
195,Brandon,0,0
196,Roger,0,0
197,Harry,0,0
198,Janet,0,0
199,Douglas,0,0
200,Michelle,0,0
201,Patricia,0,0
202,Mildred,0,0
203,Jacqueline,0,0
204,Patrick,0,0
205,Angela,0,0
206,Marilyn,0,0
207,Michelle,0,0
208,Charles,0,0
209,Benjamin,0,0
210,Heather,0,0
211,Evelyn,0,0
212,Nicole,0,0
213,William,0,0
214,Todd,0,0
215,Deborah,0,0
216,Justin,0,0
217,Sara,0,0
218,Cheryl,0,0
219,Gloria,0,0
220,Emily,0,0
221,Brandon,0,0
222,Shirley,0,0
223,Adam,0,0
224,Kathy,0,0
225,Lisa,0,0
226,Arthur,0,0
227,Nicholas,0,0
228,Elizabeth,0,0
229,George,0,0
230,Barbara,0,0
231,Walter,0,0
232,George,0,0
233,Jacqueline,0,0
234,James,0,0
235,Douglas,0,0
236,Evelyn,0,0
237,Walter,0,0
238,Shirley,0,0
239,Carlos,0,0
240,Bruce,0,0
241,Diane,0,0
242,Willie,0,0
243,Phyllis,0,0
244,Eugene,0,0
245,Carolyn,0,0
246,Jack,0,0
247,Shirley,0,0
248,Phyllis,0,0
249,Marilyn,0,0
250,Dorothy,0,0
251,Donna,0,0
252,Aaron,0,0
253,Kevin,0,0
254,Teresa,0,0
255,Cheryl,0,0
256,Dorothy,0,0
257,Raymond,0,0
258,Helen,0,0
259,Virginia,0,0
260,Andrew,0,0
261,Wayne,0,0
262,Jerry,0,0
263,Carl,0,0
264,Maria,0,0
265,Brian,0,0
266,Roy,0,0
267,Larry,0,0
268,Douglas,0,0
269,Michael,0,0
270,Randy,0,0
271,Donald,0,0
272,Kelly,0,0
273,Judith,0,0
274,Julie,0,0
275,Martha,0,0
276,David,0,0
277,Nicholas,0,0
278,Jimmy,0,0
279,Kathleen,0,0
280,Linda,0,0
281,Nicole,0,0
282,Ryan,0,0
283,Judy,0,0
284,Carol,0,0
285,Emily,0,0
286,Beverly,0,0
287,Joyce,0,0
288,Jean,0,0
289,Juan,0,0
290,Sara,0,0
291,Anna,0,0
292,Doris,0,0
293,Albert,0,0
294,Joan,0,0
295,Carl,0,0
296,Susan,0,0
297,Rebecca,0,0
298,Frank,0,0
299,Billy,0,0
300,Kenneth,0,0
301,Randy,0,0
302,Cynthia,0,0
303,Edward,0,0
304,Donald,0,0
305,Gary,0,0
306,Helen,0,0
307,Richard,0,0
308,Dennis,0,0
309,Joshua,0,0
310,Ryan,0,0
311,Henry,0,0
312,Scott,0,0
313,Diane,0,0
314,Albert,0,0
315,Walter,0,0
316,Deborah,0,0
317,Lillian,0,0
318,Judith,0,0
319,Ann,0,0
320,Jesse,0,0
321,Wanda,0,0
322,Gary,0,0
323,Sean,0,0
324,Todd,0,0
325,Fred,0,0
326,Fred,0,0
327,William,0,0
328,Martha,0,0
329,Andrea,0,0
330,Michael,0,0
331,Howard,0,0
332,Susan,0,0
333,Rachel,0,0
334,Rose,0,0
335,Paula,0,0
336,Judy,0,0
337,Juan,0,0
338,Maria,0,0
339,Jonathan,0,0
340,John,0,0
341,Matthew,0,0
342,Angela,0,0
343,Eugene,0,0
344,Patricia,0,0
345,Terry,0,0
346,Anthony,0,0
347,Bruce,0,0
348,Roy,0,0
349,Christine,0,0
350,Harold,0,0
351,Rose,0,0
352,Angela,0,0
353,Amanda,0,0
354,Adam,0,0
355,Ryan,0,0
356,Lisa,0,0
357,Gerald,0,0
358,Richard,0,0
359,Alan,0,0
360,Mary,0,0
361,Debra,0,0
362,Brian,0,0
363,Marilyn,0,0
364,Lillian,0,0
365,Shirley,0,0
366,Jose,0,0
367,Patricia,0,0
368,Paula,0,0
369,Rose,0,0
370,Kimberly,0,0
371,Carolyn,0,0
372,Patricia,0,0
373,Debra,0,0
374,Antonio,0,0
375,James,0,0
376,Christina,0,0
377,Ronald,0,0
378,Heather,0,0
379,Joyce,0,0
380,Keith,0,0
381,Timothy,0,0
382,Robin,0,0
383,Andrew,0,0
384,Kathryn,0,0
385,Steve,0,0
386,Roger,0,0
387,Tammy,0,0
388,Anne,0,0
389,Jean,0,0
390,Raymond,0,0
391,Anthony,0,0
392,Doris,0,0
393,Amanda,0,0
394,Henry,0,0
395,Evelyn,0,0
396,Daniel,0,0
397,Paul,0,0
398,Gary,0,0
399,Eric,0,0
400,Cynthia,0,0
401,James,0,0
402,Deborah,0,0
403,Heather,0,0
404,Louis,0,0
405,Diana,0,0
406,Catherine,0,0
407,Harry,0,0
408,Cheryl,0,0
409,Rose,0,0
410,Ruth,0,0
411,George,0,0
412,Bruce,0,0
413,Craig,0,0
414,Helen,0,0
415,Nicole,0,0
416,Joe,0,0
417,Heather,0,0
418,Jacqueline,0,0
419,Jean,0,0
420,Jason,0,0
421,Daniel,0,0
422,Roger,0,0
423,Jean,0,0
424,Brandon,0,0
425,Virginia,0,0
426,Walter,0,0
427,Ruth,0,0
428,Katherine,0,0
429,Jennifer,0,0
430,Mark,0,0
431,Jesse,0,0
432,Eric,0,0
433,Cheryl,0,0
434,Cheryl,0,0
435,Margaret,0,0
436,Bobby,0,0
437,Justin,0,0
438,Antonio,0,0
439,Laura,0,0
440,Timothy,0,0
441,Julie,0,0
442,Randy,0,0
443,Kenneth,0,0
444,Alan,0,0
445,Jerry,0,0
446,Nancy,0,0
447,Diana,0,0
448,Harry,0,0
449,Gloria,0,0
450,Jeffrey,0,0
451,Nicholas,0,0
452,Marilyn,0,0
453,Jack,0,0
454,Patricia,7864376,8032256
455,Steven,0,0
456,Harold,0,0
457,Bruce,0,0
458,Aaron,0,0
459,Roger,0,0
460,Alan,0,0
461,Lisa,0,0
462,Sara,0,0
463,Stephen,0,0
464,Janice,0,0
465,Jessica,0,0
466,Chris,0,0
467,Larry,0,0
468,Julie,0,0
469,Rose,0,0
470,Ronald,0,0
471,Sean,0,0
472,Joshua,0,0
473,Ernest,0,0
474,Emily,0,0
475,Nicole,0,0
476,Cheryl,0,0
477,Stephanie,0,0
478,Antonio,0,0
479,Fred,0,0
480,Stephen,0,0
481,Bobby,0,0
482,Rose,0,0
483,Bobby,0,0
484,Todd,0,0
485,Victor,0,0
486,Karen,0,0
487,Nancy,0,0
488,Ronald,0,0
489,Ruby,0,0
490,Lori,0,0
491,Willie,0,0
492,Lisa,0,0
493,Clarence,0,0
494,Scott,0,0
495,Donald,0,0
496,John,0,0
497,Louis,0,0
498,Helen,0,0
499,Raymond,0,0
500,Larry,0,0
501,Clarence,0,0
502,Craig,0,0
503,Judy,0,0
504,Marilyn,0,0
505,Wanda,0,0
506,Chris,0,0
507,Timothy,0,0
508,Walter,0,0
509,Jerry,0,0
510,Billy,0,0
511,Raymond,0,0
512,Martin,0,0
513,Deborah,0,0
514,Benjamin,0,0
515,Mark,0,0
516,Denise,0,0
517,Cheryl,0,0
518,Pamela,0,0
519,Charles,0,0
520,Mark,0,0
521,Maria,0,0
522,Willie,0,0
523,Jose,0,0
524,Juan,0,0
525,Thomas,0,0
526,Heather,0,0
527,Ann,0,0
528,Marilyn,0,0
529,Christopher,0,0
530,Brandon,0,0
531,Sara,0,0
532,Karen,0,0
533,Lisa,0,0
534,James,0,0
535,Lori,0,0
536,Nancy,0,0
537,Antonio,0,0
538,Christine,0,0
539,Keith,0,0
540,Samuel,0,0
541,Samuel,0,0
542,Johnny,0,0
543,Patricia,0,0
544,Kathleen,0,0
545,Anne,0,0
546,Kathryn,0,0
547,Benjamin,0,0
548,Ronald,0,0
549,David,0,0
550,Shirley,0,0
551,Jimmy,0,0
552,Edward,0,0
553,Jeremy,0,0
554,Juan,0,0
555,Anne,0,0
556,Jane,0,0
557,Donna,0,0
558,William,0,0
559,Martin,0,0
560,Alan,0,0
561,Ruby,0,0
562,Arthur,0,0
563,Angela,0,0
564,Peter,0,0
565,Jennifer,0,0
566,Henry,0,0
567,Jean,0,0
568,Jennifer,0,0
569,Joyce,0,0
570,Ann,0,0
571,Joe,0,0
572,Victor,0,0
573,Christina,0,0
574,Norma,0,0
575,Jimmy,0,0
576,Barbara,0,0
577,Eugene,0,0
578,Brenda,0,0
579,Patrick,0,0
580,Ruby,0,0
581,Cheryl,0,0
582,Shawn,0,0
583,Robert,0,0
584,Andrew,0,0
585,Timothy,0,0
586,Larry,0,0
587,Lawrence,0,0
588,Katherine,0,0
589,Denise,0,0
590,Kathleen,0,0
591,Ann,0,0
592,Catherine,0,0
593,Jerry,0,0
594,Sara,0,0
595,Sean,0,0
596,Wayne,0,0
597,Gloria,0,0
598,Denise,0,0
599,Kelly,0,0
600,Dennis,0,0
601,Christine,0,0
602,Michael,0,0
603,Earl,0,0
604,Roy,0,0
605,Virginia,0,0
606,Daniel,0,0
607,Rebecca,0,0
608,Jeffrey,0,0
609,Steven,0,0
610,Sara,0,0
611,Scott,0,0
612,Robert,0,0
613,Linda,0,0
614,Kathy,0,0
615,Donna,0,0
616,Sean,0,0
617,Peter,0,0
618,Phillip,0,0
619,Donna,0,0
620,Sharon,0,0
621,Jane,0,0
622,Juan,0,0
623,Carlos,0,0
624,Ryan,0,0
625,Frances,0,0
626,Andrea,0,0
627,Cheryl,0,0
628,Alan,0,0
629,Angela,0,0
630,John,0,0
631,Alice,0,0
632,Timothy,0,0
633,Larry,0,0
634,Teresa,0,0
635,Shirley,0,0
636,Ralph,0,0
637,Jeffrey,0,0
638,Amanda,0,0
639,Christine,0,0
640,Kathy,0,0
641,Anna,0,0
642,Ryan,0,0
643,Sandra,0,0
644,Shirley,0,0
645,Daniel,0,0
646,Angela,0,0
647,Fred,0,0
648,Catherine,0,0
649,Chris,0,0
650,Lillian,0,0
651,Samuel,0,0
652,Barbara,0,0
653,Steven,0,0
654,Stephanie,0,0
655,Aaron,0,0
656,Wayne,0,0
657,Jason,0,0
658,Emily,0,0
659,Bobby,0,0
660,Peter,0,0
661,Rebecca,0,0
662,Emily,0,0
663,Denise,0,0
664,Mary,0,0
665,Raymond,0,0
666,Todd,7864376,8069120
667,Helen,0,0
668,Steven,0,0
669,Randy,0,0
670,Chris,0,0
671,Wanda,0,0
672,Phyllis,0,0
673,Barbara,0,0
674,Ralph,0,0
675,Jeremy,0,0
676,Arthur,0,0
677,Frances,0,0
678,Rebecca,0,0
679,Jose,0,0
680,Jeremy,0,0
681,Judy,0,0
682,Paul,0,0
683,Gregory,0,0
684,Ryan,0,0
685,Judith,0,0
686,Dennis,0,0
687,Jeremy,0,0
688,Christina,0,0
689,Phillip,0,0
690,Linda,0,0
691,Linda,0,0
692,Joan,0,0
693,Stephanie,0,0
694,Teresa,0,0
695,Frances,0,0
696,Larry,0,0
697,Stephen,0,0
698,Arthur,0,0
699,Laura,0,0
700,Irene,0,0
701,Sarah,0,0
702,Randy,0,0
703,Paul,0,0
704,Christopher,0,0
705,Carol,0,0
706,Kevin,0,0
707,Keith,0,0
708,Patricia,0,0
709,Robin,0,0
710,Jennifer,0,0
711,Anthony,0,0
712,Shawn,0,0
713,Julia,0,0
714,Lois,0,0
715,Henry,0,0
716,Michelle,0,0
717,Betty,0,0
718,Nancy,0,0
719,Frances,0,0
720,Jose,0,0
721,Joseph,0,0
722,Ruby,0,0
723,David,0,0
724,Ashley,0,0
725,Ruth,0,0
726,Phillip,0,0
727,Timothy,0,0
728,Brenda,0,0
729,Johnny,0,0
730,Bonnie,0,0
731,Frank,0,0
732,Jeffrey,0,0
733,Phyllis,0,0
734,Matthew,0,0
735,Wayne,0,0
736,Ralph,0,0
737,Janice,0,0
738,Carol,0,0
739,Susan,0,0
740,Aaron,0,0
741,Stephen,0,0
742,Angela,0,0
743,Kimberly,0,0
744,Ryan,0,0
745,Victor,0,0
746,Emily,0,0
747,Billy,0,0
748,Shawn,0,0
749,Martha,0,0
750,Kevin,0,0
751,Carlos,0,0
752,Cheryl,0,0
753,Martha,0,0
754,Kevin,0,0
755,Jeffrey,0,0
756,Roger,0,0
757,Ralph,0,0
758,Nancy,0,0
759,Benjamin,0,0
760,Willie,0,0
761,Julie,0,0
762,Eugene,0,0
763,Howard,0,0
764,Kathleen,0,0
765,Wayne,0,0
766,Julie,0,0
767,Lillian,0,0
768,Joe,0,0
769,Jose,0,0
770,Christopher,0,0
771,Stephanie,0,0
772,Richard,0,0
773,Jessica,0,0
774,Gloria,0,0
775,Joshua,0,0
776,Jeremy,0,0
777,Joan,0,0
778,Earl,0,0
779,Janet,0,0
780,Lisa,0,0
781,Scott,0,0
782,Eugene,0,0
783,Judy,0,0
784,Walter,0,0
785,Janice,0,0
786,Lori,0,0
787,Eugene,0,0
788,Tina,0,0
789,Patrick,0,0
790,Joe,0,0
791,Susan,0,0
792,Anthony,0,0
793,Martin,0,0
794,Billy,0,0
795,Benjamin,0,0
796,Wanda,0,0
797,Marilyn,0,0
798,Louise,0,0
799,Martin,0,0
800,Diane,0,0
801,Sarah,0,0
802,Judy,0,0
803,Ernest,0,0
804,Kelly,0,0
805,Diane,0,0
806,Debra,0,0
807,Joseph,0,0
808,Paula,0,0
809,Theresa,0,0
810,Brian,0,0
811,Beverly,0,0
812,Keith,0,0
813,Nicole,0,0
814,Earl,0,0
815,Paul,0,0
816,Anne,0,0
817,Janet,0,0
818,Harold,0,0
819,Terry,0,0
820,Henry,0,0
821,Howard,0,0
822,Willie,0,0
823,Jimmy,0,0
824,Martin,0,0
825,Melissa,0,0
826,Brenda,0,0
827,Wanda,0,0
828,Kelly,0,0
829,Alice,0,0
830,Amy,0,0
831,Richard,0,0
832,Earl,0,0
833,Edward,0,0
834,Christopher,0,0
835,Diana,0,0
836,Martha,0,0
837,Robin,0,0
838,Lois,0,0
839,Carlos,0,0
840,Nicholas,0,0
841,Michelle,0,0
842,Norma,0,0
843,Kevin,0,0
844,Betty,0,0
845,Walter,0,0
846,David,0,0
847,Christina,0,0
848,Cheryl,0,0
849,Henry,0,0
850,Raymond,0,0
851,Kenneth,0,0
852,Kathy,0,0
853,Bonnie,0,0
854,Evelyn,0,0
855,Clarence,0,0
856,Deborah,0,0
857,Christine,0,0
858,Teresa,0,0
859,Howard,0,0
860,Jean,0,0
861,Bruce,0,0
862,Linda,0,0
863,Dennis,0,0
864,Tammy,0,0
865,Karen,0,0
866,Rachel,0,0
867,Mary,0,0
868,Ruth,0,0
869,Christine,0,0
870,Carol,0,0
871,Phyllis,0,0
872,Catherine,0,0
873,Richard,0,0
874,Jason,0,0
875,Judith,0,0
876,Steve,0,0
877,Steven,0,0
878,Carol,0,0
879,Marie,0,0
880,Robert,0,0
881,Juan,0,0
882,Dorothy,0,0
883,Ashley,0,0
884,Norma,0,0
885,George,0,0
886,Bruce,0,0
887,Lisa,0,0
888,Carl,0,0
889,Chris,0,0
890,Nicholas,0,0
891,Diana,0,0
892,Robin,0,0
893,Martin,0,0
894,Albert,0,0
895,Martin,0,0
896,Ashley,0,0
897,Susan,0,0
898,Henry,0,0
899,Janice,0,0
900,Gary,0,0
901,Willie,0,0
902,Carl,0,0
903,Marie,0,0
904,Debra,0,0
905,Victor,0,0
906,Denise,0,0
907,Kathy,0,0
908,Bobby,0,0
909,Andrea,0,0
910,Teresa,0,0
911,Margaret,0,0
912,Paula,0,0
913,Sean,0,0
914,James,0,0
915,Shirley,0,0
916,Matthew,0,0
917,Laura,0,0
918,Marie,0,0
919,Jennifer,0,0
920,Diana,0,0
921,Paula,0,0
922,Justin,0,0
923,William,0,0
924,Ruth,0,0
925,Aaron,0,0
926,Virginia,0,0
927,Phyllis,0,0
928,Arthur,0,0
929,Katherine,0,0
930,Evelyn,0,0
931,Scott,0,0
932,Sean,0,0
933,Joseph,0,0
934,Catherine,0,0
935,Sean,0,0
936,Eugene,0,0
937,Clarence,0,0
938,Andrea,0,0
939,Kathryn,0,0
940,Jeffrey,0,0
941,Sara,0,0
942,Steven,0,0
943,Anna,0,0
944,Sean,0,0
945,Brian,0,0
946,Patrick,0,0
947,Barbara,0,0
948,Kathleen,0,0
949,Janice,0,0
950,Ruth,0,0
951,Margaret,0,0
952,Pamela,0,0
953,Helen,0,0
954,Jerry,0,0
955,Anne,0,0
956,Marie,0,0
957,Kathy,0,0
958,Matthew,0,0
959,Jacqueline,0,0
960,Emily,0,0
961,Robert,0,0
962,Brenda,0,0
963,Sandra,0,0
964,William,0,0
965,Alice,0,0
966,Pamela,0,0
967,Paula,0,0
968,Lisa,0,0
969,Clarence,0,0
970,Martha,0,0
971,Janet,0,0
972,Janice,0,0
973,Joseph,0,0
974,Anne,0,0
975,Nancy,0,0
976,Jonathan,0,0
977,Donna,0,0
978,Beverly,0,0
979,Billy,0,0
980,Jean,0,0
981,Ernest,0,0
982,Katherine,0,0
983,Betty,0,0
984,Raymond,0,0
985,Jesse,0,0
986,Dorothy,0,0
987,Deborah,0,0
988,Paul,0,0
989,Gary,0,0
990,Ernest,0,0
991,Richard,0,0
992,Eric,0,0
993,Henry,0,0
994,Debra,0,0
995,Patricia,0,0
996,Jennifer,0,0
997,Christina,0,0
998,Christopher,0,0
999,Angela,0,0
1000,Mary,0,0
